<?xml version="1.0" encoding="UTF-8"?>
<project-private xmlns="http://www.netbeans.org/ns/project-private/1">
    <editor-bookmarks xmlns="http://www.netbeans.org/ns/editor-bookmarks/2" lastBookmarkId="0"/>
    <open-files xmlns="http://www.netbeans.org/ns/projectui-open-files/2">
        <group>
            <file>file:/C:/Users/ANIBAL%20FUENTES/OneDrive/Escritorio/Documentos/NetBeansProjects/Compañia/src/Modelo/EmpleadoAsalariado.java</file>
            <file>file:/C:/Users/ANIBAL%20FUENTES/OneDrive/Escritorio/Documentos/NetBeansProjects/Compañia/src/Modelo/EmpleadoComision.java</file>
            <file>file:/C:/Users/ANIBAL%20FUENTES/OneDrive/Escritorio/Documentos/NetBeansProjects/Compañia/src/Modelo/EmpleadoHora.java</file>
            <file>file:/C:/Users/ANIBAL%20FUENTES/OneDrive/Escritorio/Documentos/NetBeansProjects/Compañia/src/Modelo/EmpleadoAsalariadoComision.java</file>
            <file>file:/C:/Users/ANIBAL%20FUENTES/OneDrive/Escritorio/Documentos/NetBeansProjects/Compañia/src/Vista/PruebaSalario.java</file>
        </group>
    </open-files>
</project-private>
